--
-- PostgreSQL database dump
--

-- Dumped from database version 9.5.4
-- Dumped by pg_dump version 9.5.4

-- Started on 2016-12-12 16:40:17

SET statement_timeout = 0;
SET lock_timeout = 0;
SET client_encoding = 'UTF8';
SET standard_conforming_strings = on;
SET check_function_bodies = false;
SET client_min_messages = warning;
SET row_security = off;

--
-- TOC entry 1 (class 3079 OID 12355)
-- Name: plpgsql; Type: EXTENSION; Schema: -; Owner: 
--

CREATE EXTENSION IF NOT EXISTS plpgsql WITH SCHEMA pg_catalog;


--
-- TOC entry 2215 (class 0 OID 0)
-- Dependencies: 1
-- Name: EXTENSION plpgsql; Type: COMMENT; Schema: -; Owner: 
--

COMMENT ON EXTENSION plpgsql IS 'PL/pgSQL procedural language';


SET search_path = public, pg_catalog;

--
-- TOC entry 211 (class 1255 OID 34231)
-- Name: create_commandes(bigint); Type: FUNCTION; Schema: public; Owner: postgres
--

CREATE FUNCTION create_commandes(nombre bigint) RETURNS void
    LANGUAGE plpgsql
    AS $$

DECLARE
id bigint;
i int;

BEGIN
SELECT INTO id max(id_commande) FROM commande;
IF id ISNULL THEN
id:=0;
END IF;
FOR i IN 1..nombre LOOP
id:=id + 1;
INSERT INTO commande (id_commande, reference_commande, date_commande, date_demandee, 
	id_type, id_contact, id_personne, id_etat) 
	VALUES (id, (SELECT libelle_court FROM type_commande WHERE id_type = (SELECT get_random_int(1,3))) || '00' || id, 
		(SELECT NOW() - '1 year'::INTERVAL * ROUND(RANDOM() * 1)),
		(SELECT NOW() + '1 year'::INTERVAL * ROUND(RANDOM() * 1)),
		(SELECT get_random_int(1,3)), -- type de commande
		(SELECT get_random_int(1,4)), -- moyen contact
		(SELECT get_random_int(1,4)), -- créateur
		(SELECT get_random_int(1,5))); -- état commande
END LOOP;
END;
$$;


ALTER FUNCTION public.create_commandes(nombre bigint) OWNER TO postgres;

--
-- TOC entry 212 (class 1255 OID 34243)
-- Name: create_ligne_commande(bigint); Type: FUNCTION; Schema: public; Owner: postgres
--

CREATE FUNCTION create_ligne_commande(nombre bigint) RETURNS void
    LANGUAGE plpgsql
    AS $$

DECLARE
id bigint;
i int;

BEGIN
SELECT INTO id max(id_sol) FROM ligne_de_commande;
IF id ISNULL THEN
id:=0;
END IF;
FOR i IN 1..nombre LOOP
id:=id + 1;
INSERT INTO ligne_de_commande (id_sol, numero_ligne, quantite, montant, 
	id_commande, id_tva, id_produit, id_etat) 
	VALUES (id, (SELECT get_random_int(1, 10)), 
		(SELECT get_random_int(1, 1000)),
		(SELECT get_random_float(1, 500)),
		(SELECT get_random_int(1, 201)), -- id commande
		(SELECT get_random_int(1,4)), -- tva
		(SELECT get_random_int(1,51)), -- produit
		(SELECT get_random_int(1,5))); -- état sol
END LOOP;
END;
$$;


ALTER FUNCTION public.create_ligne_commande(nombre bigint) OWNER TO postgres;

--
-- TOC entry 209 (class 1255 OID 34229)
-- Name: create_produit(bigint); Type: FUNCTION; Schema: public; Owner: postgres
--

CREATE FUNCTION create_produit(nombre bigint) RETURNS void
    LANGUAGE plpgsql
    AS $$

DECLARE
id bigint;
i int;

BEGIN
SELECT INTO id max(id_produit) FROM produit;
IF id ISNULL THEN
id:=0;
END IF;
FOR i IN 1..nombre LOOP
id:=id + 1;
INSERT INTO produit (id_produit, conditionnement, prix_cdt, libelle) 
	VALUES (id, (SELECT get_random_int(1, 200)), (SELECT get_random_float(1, 15)), 'Produit n°' || id );
END LOOP;
END;
$$;


ALTER FUNCTION public.create_produit(nombre bigint) OWNER TO postgres;

--
-- TOC entry 210 (class 1255 OID 34230)
-- Name: create_zone(bigint); Type: FUNCTION; Schema: public; Owner: postgres
--

CREATE FUNCTION create_zone(nombre bigint) RETURNS void
    LANGUAGE plpgsql
    AS $$

DECLARE
id bigint;
i int;

BEGIN
SELECT INTO id max(code_zone) FROM zone;
IF id ISNULL THEN
id:=0;
END IF;
FOR i IN 1..nombre LOOP
id:=id + 1;
INSERT INTO zone (code_zone) VALUES (id);
END LOOP;
END;
$$;


ALTER FUNCTION public.create_zone(nombre bigint) OWNER TO postgres;

--
-- TOC entry 208 (class 1255 OID 34228)
-- Name: get_random_float(integer, integer); Type: FUNCTION; Schema: public; Owner: postgres
--

CREATE FUNCTION get_random_float(integer, integer) RETURNS integer
    LANGUAGE plpgsql
    AS $_$
DECLARE
    start_int ALIAS FOR $1;
    end_int ALIAS FOR $2;
BEGIN
    RETURN (random() * (end_int-start_int) + start_int);
END;
$_$;


ALTER FUNCTION public.get_random_float(integer, integer) OWNER TO postgres;

--
-- TOC entry 207 (class 1255 OID 34227)
-- Name: get_random_int(integer, integer); Type: FUNCTION; Schema: public; Owner: postgres
--

CREATE FUNCTION get_random_int(integer, integer) RETURNS integer
    LANGUAGE plpgsql
    AS $_$
DECLARE
    start_int ALIAS FOR $1;
    end_int ALIAS FOR $2;
BEGIN
    RETURN trunc(random() * (end_int-start_int) + start_int);
END;
$_$;


ALTER FUNCTION public.get_random_int(integer, integer) OWNER TO postgres;

SET default_tablespace = '';

SET default_with_oids = false;

--
-- TOC entry 181 (class 1259 OID 34076)
-- Name: commande; Type: TABLE; Schema: public; Owner: postgres
--

CREATE TABLE commande (
    id_commande integer NOT NULL,
    reference_commande character varying(15),
    date_commande date,
    date_demandee date,
    frais_de_port boolean,
    id_type integer NOT NULL,
    id_contact integer NOT NULL,
    id_facture integer,
    id_shipment integer,
    id_personne integer NOT NULL,
    id_etat integer NOT NULL
);


ALTER TABLE commande OWNER TO postgres;

--
-- TOC entry 193 (class 1259 OID 34136)
-- Name: droits; Type: TABLE; Schema: public; Owner: postgres
--

CREATE TABLE droits (
    id_droit integer NOT NULL,
    libelle character varying(25)
);


ALTER TABLE droits OWNER TO postgres;

--
-- TOC entry 192 (class 1259 OID 34131)
-- Name: employe; Type: TABLE; Schema: public; Owner: postgres
--

CREATE TABLE employe (
    id_personne integer NOT NULL
);


ALTER TABLE employe OWNER TO postgres;

--
-- TOC entry 184 (class 1259 OID 34091)
-- Name: etat_so; Type: TABLE; Schema: public; Owner: postgres
--

CREATE TABLE etat_so (
    id_etat integer NOT NULL,
    libelle character varying(25)
);


ALTER TABLE etat_so OWNER TO postgres;

--
-- TOC entry 194 (class 1259 OID 34141)
-- Name: etat_sol; Type: TABLE; Schema: public; Owner: postgres
--

CREATE TABLE etat_sol (
    id_etat integer NOT NULL,
    libelle character varying(25)
);


ALTER TABLE etat_sol OWNER TO postgres;

--
-- TOC entry 188 (class 1259 OID 34111)
-- Name: facture; Type: TABLE; Schema: public; Owner: postgres
--

CREATE TABLE facture (
    id_facture integer NOT NULL,
    reference character varying(25),
    id_commande integer NOT NULL
);


ALTER TABLE facture OWNER TO postgres;

--
-- TOC entry 186 (class 1259 OID 34101)
-- Name: ligne_de_commande; Type: TABLE; Schema: public; Owner: postgres
--

CREATE TABLE ligne_de_commande (
    id_sol integer NOT NULL,
    numero_ligne integer,
    quantite integer,
    montant numeric(10,2),
    id_commande integer NOT NULL,
    id_tva integer NOT NULL,
    id_produit integer NOT NULL,
    id_etat integer NOT NULL
);


ALTER TABLE ligne_de_commande OWNER TO postgres;

--
-- TOC entry 183 (class 1259 OID 34086)
-- Name: moyen_contact_commande; Type: TABLE; Schema: public; Owner: postgres
--

CREATE TABLE moyen_contact_commande (
    id_contact integer NOT NULL,
    libelle character varying(25)
);


ALTER TABLE moyen_contact_commande OWNER TO postgres;

--
-- TOC entry 190 (class 1259 OID 34121)
-- Name: personne; Type: TABLE; Schema: public; Owner: postgres
--

CREATE TABLE personne (
    id_personne integer NOT NULL,
    nom character varying(25),
    prenom character varying(25)
);


ALTER TABLE personne OWNER TO postgres;

--
-- TOC entry 189 (class 1259 OID 34116)
-- Name: produit; Type: TABLE; Schema: public; Owner: postgres
--

CREATE TABLE produit (
    id_produit integer NOT NULL,
    conditionnement smallint,
    prix_cdt numeric(6,2),
    libelle character varying(25)
);


ALTER TABLE produit OWNER TO postgres;

--
-- TOC entry 187 (class 1259 OID 34106)
-- Name: shipment; Type: TABLE; Schema: public; Owner: postgres
--

CREATE TABLE shipment (
    id_shipment integer NOT NULL,
    reference_shipment character varying(25),
    date_envoi date,
    id_commande integer NOT NULL
);


ALTER TABLE shipment OWNER TO postgres;

--
-- TOC entry 185 (class 1259 OID 34096)
-- Name: tva; Type: TABLE; Schema: public; Owner: postgres
--

CREATE TABLE tva (
    id_tva integer NOT NULL,
    taux smallint,
    libelle character varying(25)
);


ALTER TABLE tva OWNER TO postgres;

--
-- TOC entry 182 (class 1259 OID 34081)
-- Name: type_commande; Type: TABLE; Schema: public; Owner: postgres
--

CREATE TABLE type_commande (
    id_type integer NOT NULL,
    libelle character varying(20),
    libelle_court character(2)
);


ALTER TABLE type_commande OWNER TO postgres;

--
-- TOC entry 191 (class 1259 OID 34126)
-- Name: utilisateur; Type: TABLE; Schema: public; Owner: postgres
--

CREATE TABLE utilisateur (
    identifiant character varying(25) NOT NULL,
    mot_de_passe character varying(25),
    mail character varying(25),
    id_personne integer NOT NULL,
    id_droit integer NOT NULL
);


ALTER TABLE utilisateur OWNER TO postgres;

--
-- TOC entry 2194 (class 0 OID 34076)
-- Dependencies: 181
-- Data for Name: commande; Type: TABLE DATA; Schema: public; Owner: postgres
--

COPY commande (id_commande, reference_commande, date_commande, date_demandee, frais_de_port, id_type, id_contact, id_facture, id_shipment, id_personne, id_etat) FROM stdin;
1	IN001	2016-12-12	2016-12-12	\N	2	2	\N	\N	1	1
2	IN002	2016-12-12	2016-12-12	\N	2	2	\N	\N	2	4
3	IN003	2015-12-12	2017-12-12	\N	1	3	\N	\N	3	1
4	IN004	2016-12-12	2016-12-12	\N	2	1	\N	\N	1	2
5	EC005	2016-12-12	2017-12-12	\N	2	1	\N	\N	2	1
6	IN006	2016-12-12	2017-12-12	\N	1	2	\N	\N	1	4
7	IN007	2016-12-12	2016-12-12	\N	1	2	\N	\N	1	3
8	EC008	2016-12-12	2016-12-12	\N	2	2	\N	\N	1	3
9	IN009	2016-12-12	2017-12-12	\N	2	3	\N	\N	3	1
10	IN0010	2015-12-12	2016-12-12	\N	2	1	\N	\N	1	2
11	IN0011	2015-12-12	2017-12-12	\N	2	3	\N	\N	1	4
12	EC0012	2015-12-12	2016-12-12	\N	1	3	\N	\N	1	2
13	IN0013	2015-12-12	2017-12-12	\N	2	3	\N	\N	2	1
14	EC0014	2016-12-12	2016-12-12	\N	1	1	\N	\N	3	1
15	IN0015	2016-12-12	2016-12-12	\N	2	3	\N	\N	2	1
16	EC0016	2016-12-12	2016-12-12	\N	1	2	\N	\N	1	2
17	IN0017	2015-12-12	2016-12-12	\N	1	3	\N	\N	2	3
18	EC0018	2016-12-12	2017-12-12	\N	1	2	\N	\N	3	2
19	IN0019	2015-12-12	2017-12-12	\N	1	1	\N	\N	3	3
20	IN0020	2015-12-12	2017-12-12	\N	1	2	\N	\N	3	2
21	EC0021	2016-12-12	2016-12-12	\N	1	3	\N	\N	2	2
22	IN0022	2016-12-12	2016-12-12	\N	1	2	\N	\N	1	2
23	IN0023	2015-12-12	2016-12-12	\N	2	3	\N	\N	3	1
24	EC0024	2016-12-12	2017-12-12	\N	2	3	\N	\N	2	2
25	EC0025	2016-12-12	2017-12-12	\N	2	3	\N	\N	1	1
26	EC0026	2015-12-12	2016-12-12	\N	1	1	\N	\N	2	1
27	EC0027	2016-12-12	2016-12-12	\N	2	2	\N	\N	3	2
28	IN0028	2016-12-12	2016-12-12	\N	1	2	\N	\N	2	1
29	IN0029	2016-12-12	2016-12-12	\N	2	1	\N	\N	2	4
30	EC0030	2015-12-12	2016-12-12	\N	1	3	\N	\N	3	4
31	EC0031	2015-12-12	2017-12-12	\N	1	3	\N	\N	2	1
32	EC0032	2015-12-12	2017-12-12	\N	2	3	\N	\N	2	1
33	IN0033	2015-12-12	2016-12-12	\N	1	3	\N	\N	2	4
34	EC0034	2015-12-12	2017-12-12	\N	1	2	\N	\N	3	3
35	IN0035	2015-12-12	2017-12-12	\N	1	2	\N	\N	2	2
36	EC0036	2015-12-12	2016-12-12	\N	1	3	\N	\N	1	1
37	EC0037	2015-12-12	2017-12-12	\N	2	3	\N	\N	1	1
38	IN0038	2015-12-12	2017-12-12	\N	1	1	\N	\N	1	2
39	IN0039	2016-12-12	2016-12-12	\N	1	3	\N	\N	3	4
40	IN0040	2016-12-12	2016-12-12	\N	1	2	\N	\N	3	3
41	EC0041	2016-12-12	2016-12-12	\N	1	3	\N	\N	3	3
42	IN0042	2016-12-12	2017-12-12	\N	1	2	\N	\N	2	3
43	EC0043	2016-12-12	2016-12-12	\N	1	3	\N	\N	1	2
44	IN0044	2016-12-12	2017-12-12	\N	2	3	\N	\N	3	2
45	IN0045	2016-12-12	2016-12-12	\N	1	3	\N	\N	3	2
46	IN0046	2016-12-12	2017-12-12	\N	1	3	\N	\N	1	4
47	IN0047	2015-12-12	2017-12-12	\N	1	3	\N	\N	3	3
48	EC0048	2015-12-12	2016-12-12	\N	2	2	\N	\N	2	1
49	IN0049	2016-12-12	2016-12-12	\N	1	3	\N	\N	2	3
50	IN0050	2015-12-12	2016-12-12	\N	2	3	\N	\N	1	3
51	EC0051	2015-12-12	2017-12-12	\N	1	1	\N	\N	3	1
52	EC0052	2016-12-12	2017-12-12	\N	2	1	\N	\N	2	3
53	IN0053	2015-12-12	2016-12-12	\N	1	1	\N	\N	3	2
54	IN0054	2015-12-12	2016-12-12	\N	1	2	\N	\N	2	4
55	EC0055	2015-12-12	2017-12-12	\N	2	3	\N	\N	1	1
56	IN0056	2016-12-12	2017-12-12	\N	1	1	\N	\N	2	4
57	IN0057	2015-12-12	2017-12-12	\N	2	3	\N	\N	2	4
58	EC0058	2016-12-12	2016-12-12	\N	1	2	\N	\N	3	3
59	IN0059	2016-12-12	2016-12-12	\N	1	2	\N	\N	1	3
60	IN0060	2016-12-12	2017-12-12	\N	2	1	\N	\N	2	4
61	IN0061	2016-12-12	2017-12-12	\N	2	1	\N	\N	1	3
62	IN0062	2016-12-12	2017-12-12	\N	2	1	\N	\N	1	4
63	EC0063	2015-12-12	2017-12-12	\N	2	2	\N	\N	3	1
64	IN0064	2015-12-12	2016-12-12	\N	1	1	\N	\N	3	4
65	IN0065	2015-12-12	2016-12-12	\N	2	1	\N	\N	1	3
66	EC0066	2016-12-12	2016-12-12	\N	1	2	\N	\N	3	2
67	IN0067	2016-12-12	2017-12-12	\N	2	1	\N	\N	2	3
68	EC0068	2015-12-12	2017-12-12	\N	1	1	\N	\N	3	1
69	IN0069	2016-12-12	2017-12-12	\N	1	3	\N	\N	2	2
70	IN0070	2015-12-12	2017-12-12	\N	2	1	\N	\N	2	3
71	EC0071	2016-12-12	2017-12-12	\N	1	2	\N	\N	2	3
72	IN0072	2016-12-12	2017-12-12	\N	2	3	\N	\N	2	1
73	EC0073	2015-12-12	2016-12-12	\N	1	3	\N	\N	2	4
74	IN0074	2015-12-12	2017-12-12	\N	1	3	\N	\N	3	2
75	IN0075	2016-12-12	2017-12-12	\N	1	3	\N	\N	3	2
76	IN0076	2016-12-12	2016-12-12	\N	2	3	\N	\N	3	3
77	EC0077	2015-12-12	2017-12-12	\N	2	1	\N	\N	1	2
78	EC0078	2016-12-12	2017-12-12	\N	2	2	\N	\N	2	2
79	IN0079	2015-12-12	2016-12-12	\N	2	3	\N	\N	1	3
80	IN0080	2016-12-12	2016-12-12	\N	2	3	\N	\N	1	3
81	IN0081	2015-12-12	2017-12-12	\N	1	3	\N	\N	3	2
82	IN0082	2015-12-12	2016-12-12	\N	2	2	\N	\N	3	1
83	IN0083	2015-12-12	2016-12-12	\N	1	2	\N	\N	3	4
84	EC0084	2016-12-12	2017-12-12	\N	1	3	\N	\N	2	3
85	IN0085	2015-12-12	2017-12-12	\N	1	3	\N	\N	1	1
86	IN0086	2016-12-12	2016-12-12	\N	2	1	\N	\N	1	3
87	IN0087	2016-12-12	2017-12-12	\N	2	1	\N	\N	2	1
88	IN0088	2015-12-12	2017-12-12	\N	1	3	\N	\N	1	2
89	IN0089	2016-12-12	2017-12-12	\N	1	1	\N	\N	1	1
90	IN0090	2016-12-12	2017-12-12	\N	2	2	\N	\N	1	4
91	EC0091	2016-12-12	2017-12-12	\N	1	1	\N	\N	3	3
92	EC0092	2015-12-12	2017-12-12	\N	2	2	\N	\N	2	2
93	IN0093	2016-12-12	2017-12-12	\N	1	3	\N	\N	2	2
94	EC0094	2016-12-12	2016-12-12	\N	1	2	\N	\N	3	3
95	EC0095	2015-12-12	2016-12-12	\N	1	3	\N	\N	1	2
96	IN0096	2016-12-12	2017-12-12	\N	1	1	\N	\N	3	4
97	IN0097	2015-12-12	2017-12-12	\N	1	1	\N	\N	2	3
98	IN0098	2016-12-12	2017-12-12	\N	2	1	\N	\N	1	1
99	EC0099	2015-12-12	2016-12-12	\N	1	1	\N	\N	2	3
100	IN00100	2016-12-12	2017-12-12	\N	2	1	\N	\N	3	3
101	EC00101	2015-12-12	2017-12-12	\N	2	2	\N	\N	3	2
102	EC00102	2016-12-12	2017-12-12	\N	1	2	\N	\N	1	1
103	EC00103	2015-12-12	2016-12-12	\N	1	1	\N	\N	2	2
104	EC00104	2015-12-12	2017-12-12	\N	2	1	\N	\N	1	3
105	IN00105	2015-12-12	2017-12-12	\N	2	3	\N	\N	2	2
106	EC00106	2016-12-12	2016-12-12	\N	2	3	\N	\N	2	2
107	EC00107	2015-12-12	2017-12-12	\N	2	1	\N	\N	2	3
108	IN00108	2016-12-12	2016-12-12	\N	2	3	\N	\N	2	2
109	EC00109	2016-12-12	2017-12-12	\N	2	1	\N	\N	1	3
110	EC00110	2016-12-12	2017-12-12	\N	1	3	\N	\N	3	2
111	EC00111	2015-12-12	2017-12-12	\N	2	1	\N	\N	3	3
112	EC00112	2015-12-12	2017-12-12	\N	2	1	\N	\N	2	3
113	IN00113	2016-12-12	2017-12-12	\N	1	2	\N	\N	1	1
114	IN00114	2015-12-12	2016-12-12	\N	1	3	\N	\N	2	2
115	EC00115	2016-12-12	2016-12-12	\N	2	3	\N	\N	2	3
116	IN00116	2015-12-12	2017-12-12	\N	1	1	\N	\N	3	3
117	IN00117	2016-12-12	2016-12-12	\N	2	1	\N	\N	3	2
118	IN00118	2016-12-12	2016-12-12	\N	2	3	\N	\N	2	4
119	EC00119	2016-12-12	2017-12-12	\N	1	3	\N	\N	1	3
120	IN00120	2015-12-12	2016-12-12	\N	1	1	\N	\N	1	2
121	EC00121	2016-12-12	2016-12-12	\N	2	1	\N	\N	3	3
122	EC00122	2016-12-12	2016-12-12	\N	1	3	\N	\N	2	1
123	IN00123	2016-12-12	2016-12-12	\N	2	1	\N	\N	2	1
124	EC00124	2016-12-12	2016-12-12	\N	1	2	\N	\N	2	3
125	IN00125	2015-12-12	2017-12-12	\N	1	3	\N	\N	3	2
126	IN00126	2015-12-12	2016-12-12	\N	1	2	\N	\N	2	2
127	EC00127	2016-12-12	2016-12-12	\N	1	3	\N	\N	2	2
128	EC00128	2015-12-12	2017-12-12	\N	2	3	\N	\N	2	1
129	IN00129	2016-12-12	2016-12-12	\N	1	2	\N	\N	1	1
130	IN00130	2015-12-12	2016-12-12	\N	1	1	\N	\N	3	1
131	IN00131	2016-12-12	2017-12-12	\N	1	1	\N	\N	3	2
132	EC00132	2015-12-12	2016-12-12	\N	2	2	\N	\N	3	3
133	EC00133	2015-12-12	2017-12-12	\N	2	2	\N	\N	2	2
134	EC00134	2016-12-12	2017-12-12	\N	1	2	\N	\N	2	3
135	EC00135	2016-12-12	2016-12-12	\N	2	2	\N	\N	3	1
136	IN00136	2016-12-12	2016-12-12	\N	1	2	\N	\N	3	1
137	IN00137	2016-12-12	2017-12-12	\N	1	2	\N	\N	3	4
138	EC00138	2015-12-12	2017-12-12	\N	1	3	\N	\N	1	2
139	IN00139	2015-12-12	2017-12-12	\N	2	1	\N	\N	3	1
140	EC00140	2015-12-12	2017-12-12	\N	1	2	\N	\N	1	2
141	IN00141	2015-12-12	2016-12-12	\N	1	1	\N	\N	1	2
142	EC00142	2016-12-12	2017-12-12	\N	1	1	\N	\N	3	4
143	EC00143	2016-12-12	2016-12-12	\N	2	1	\N	\N	3	1
144	IN00144	2015-12-12	2016-12-12	\N	1	1	\N	\N	1	2
145	IN00145	2016-12-12	2017-12-12	\N	2	3	\N	\N	2	4
146	EC00146	2015-12-12	2017-12-12	\N	2	3	\N	\N	1	3
147	IN00147	2015-12-12	2017-12-12	\N	2	1	\N	\N	3	1
148	EC00148	2016-12-12	2017-12-12	\N	1	2	\N	\N	3	2
149	IN00149	2016-12-12	2016-12-12	\N	2	2	\N	\N	1	4
150	IN00150	2015-12-12	2017-12-12	\N	1	1	\N	\N	1	1
151	EC00151	2016-12-12	2017-12-12	\N	2	3	\N	\N	2	4
152	EC00152	2016-12-12	2017-12-12	\N	1	3	\N	\N	2	1
153	IN00153	2015-12-12	2016-12-12	\N	1	2	\N	\N	3	1
154	IN00154	2016-12-12	2017-12-12	\N	1	3	\N	\N	2	1
155	EC00155	2015-12-12	2017-12-12	\N	2	3	\N	\N	3	1
156	EC00156	2015-12-12	2017-12-12	\N	2	3	\N	\N	1	2
157	EC00157	2015-12-12	2016-12-12	\N	2	2	\N	\N	1	4
158	IN00158	2016-12-12	2017-12-12	\N	1	2	\N	\N	3	1
159	EC00159	2016-12-12	2016-12-12	\N	1	3	\N	\N	3	3
160	EC00160	2015-12-12	2017-12-12	\N	2	1	\N	\N	2	1
161	EC00161	2016-12-12	2016-12-12	\N	1	2	\N	\N	2	1
162	IN00162	2015-12-12	2016-12-12	\N	2	3	\N	\N	1	2
163	IN00163	2015-12-12	2017-12-12	\N	1	2	\N	\N	1	3
164	EC00164	2015-12-12	2016-12-12	\N	2	3	\N	\N	3	2
165	IN00165	2016-12-12	2017-12-12	\N	2	1	\N	\N	3	3
166	IN00166	2016-12-12	2016-12-12	\N	2	3	\N	\N	3	1
167	EC00167	2015-12-12	2016-12-12	\N	1	1	\N	\N	2	1
168	EC00168	2015-12-12	2017-12-12	\N	2	3	\N	\N	2	2
169	IN00169	2016-12-12	2017-12-12	\N	2	1	\N	\N	1	1
170	EC00170	2016-12-12	2016-12-12	\N	2	2	\N	\N	3	3
171	EC00171	2015-12-12	2017-12-12	\N	2	2	\N	\N	1	3
172	EC00172	2015-12-12	2017-12-12	\N	2	2	\N	\N	3	4
173	EC00173	2016-12-12	2016-12-12	\N	2	1	\N	\N	2	3
174	IN00174	2016-12-12	2016-12-12	\N	2	3	\N	\N	2	3
175	EC00175	2016-12-12	2016-12-12	\N	1	3	\N	\N	1	2
176	IN00176	2016-12-12	2017-12-12	\N	1	3	\N	\N	3	2
177	IN00177	2016-12-12	2016-12-12	\N	1	2	\N	\N	1	1
178	EC00178	2016-12-12	2017-12-12	\N	2	3	\N	\N	3	2
179	IN00179	2016-12-12	2016-12-12	\N	1	3	\N	\N	1	2
180	EC00180	2016-12-12	2017-12-12	\N	2	1	\N	\N	2	1
181	IN00181	2016-12-12	2016-12-12	\N	1	3	\N	\N	1	2
182	IN00182	2015-12-12	2016-12-12	\N	1	1	\N	\N	3	3
183	IN00183	2015-12-12	2017-12-12	\N	2	3	\N	\N	3	2
184	EC00184	2015-12-12	2017-12-12	\N	1	1	\N	\N	2	2
185	EC00185	2015-12-12	2017-12-12	\N	2	1	\N	\N	2	4
186	IN00186	2016-12-12	2016-12-12	\N	2	2	\N	\N	1	2
187	EC00187	2016-12-12	2016-12-12	\N	2	2	\N	\N	2	3
188	EC00188	2015-12-12	2017-12-12	\N	2	1	\N	\N	2	2
189	IN00189	2015-12-12	2017-12-12	\N	2	2	\N	\N	1	1
190	IN00190	2016-12-12	2017-12-12	\N	1	2	\N	\N	2	4
191	EC00191	2016-12-12	2016-12-12	\N	1	2	\N	\N	2	1
192	IN00192	2015-12-12	2017-12-12	\N	2	2	\N	\N	3	1
193	IN00193	2016-12-12	2017-12-12	\N	2	1	\N	\N	1	2
194	EC00194	2016-12-12	2017-12-12	\N	1	2	\N	\N	1	1
195	EC00195	2016-12-12	2016-12-12	\N	2	1	\N	\N	1	4
196	IN00196	2016-12-12	2016-12-12	\N	2	2	\N	\N	1	2
197	IN00197	2015-12-12	2017-12-12	\N	1	3	\N	\N	1	1
198	IN00198	2016-12-12	2016-12-12	\N	2	1	\N	\N	3	2
199	EC00199	2015-12-12	2016-12-12	\N	2	1	\N	\N	3	4
200	EC00200	2016-12-12	2016-12-12	\N	2	3	\N	\N	2	3
\.


--
-- TOC entry 2206 (class 0 OID 34136)
-- Dependencies: 193
-- Data for Name: droits; Type: TABLE DATA; Schema: public; Owner: postgres
--

COPY droits (id_droit, libelle) FROM stdin;
1	Administrateur
2	Responsable
3	Gestionnaire
\.


--
-- TOC entry 2205 (class 0 OID 34131)
-- Dependencies: 192
-- Data for Name: employe; Type: TABLE DATA; Schema: public; Owner: postgres
--

COPY employe (id_personne) FROM stdin;
\.


--
-- TOC entry 2197 (class 0 OID 34091)
-- Dependencies: 184
-- Data for Name: etat_so; Type: TABLE DATA; Schema: public; Owner: postgres
--

COPY etat_so (id_etat, libelle) FROM stdin;
1	Devis
2	Validée
3	En cours
4	Cloturée
\.


--
-- TOC entry 2207 (class 0 OID 34141)
-- Dependencies: 194
-- Data for Name: etat_sol; Type: TABLE DATA; Schema: public; Owner: postgres
--

COPY etat_sol (id_etat, libelle) FROM stdin;
1	Devis
2	Validation
3	Validée
4	Cloturée
\.


--
-- TOC entry 2201 (class 0 OID 34111)
-- Dependencies: 188
-- Data for Name: facture; Type: TABLE DATA; Schema: public; Owner: postgres
--

COPY facture (id_facture, reference, id_commande) FROM stdin;
\.


--
-- TOC entry 2199 (class 0 OID 34101)
-- Dependencies: 186
-- Data for Name: ligne_de_commande; Type: TABLE DATA; Schema: public; Owner: postgres
--

COPY ligne_de_commande (id_sol, numero_ligne, quantite, montant, id_commande, id_tva, id_produit, id_etat) FROM stdin;
1	5	786	342.00	98	1	29	3
2	5	422	215.00	117	1	16	3
3	1	117	241.00	93	1	29	1
4	3	27	382.00	145	2	1	4
5	9	36	355.00	60	1	37	4
6	9	74	190.00	3	3	37	3
7	6	901	119.00	33	2	19	2
8	5	99	15.00	169	1	20	1
9	3	454	435.00	105	3	8	3
10	3	774	330.00	170	2	42	1
11	1	165	372.00	42	1	5	3
12	7	969	238.00	138	3	26	4
13	9	428	228.00	31	2	34	1
14	1	409	129.00	125	2	25	3
15	1	424	132.00	107	2	38	1
16	3	71	135.00	102	2	49	1
17	9	818	426.00	10	3	26	2
18	3	122	34.00	157	2	23	2
19	3	521	397.00	16	1	35	3
20	9	977	184.00	68	2	33	2
21	3	331	326.00	190	3	8	4
22	7	49	155.00	83	1	29	1
23	3	318	473.00	87	1	33	1
24	3	923	411.00	67	3	14	3
25	5	917	218.00	152	1	20	2
26	9	407	311.00	155	3	22	4
27	5	821	309.00	3	2	1	1
28	7	95	9.00	189	3	2	3
29	9	618	287.00	75	2	10	3
30	1	931	61.00	136	1	23	2
31	9	674	70.00	29	3	8	3
32	4	796	132.00	25	3	31	3
33	1	203	402.00	150	2	24	2
34	9	48	281.00	92	3	30	2
35	9	727	262.00	117	2	41	2
36	6	454	429.00	94	1	5	4
37	4	701	282.00	28	1	15	2
38	5	593	423.00	188	2	26	1
39	3	137	462.00	96	1	3	3
40	4	236	241.00	53	2	33	2
41	9	775	254.00	173	3	2	1
42	8	674	43.00	165	1	5	3
43	5	474	312.00	21	3	50	2
44	6	850	93.00	184	2	7	3
45	1	461	387.00	128	3	47	3
46	8	337	46.00	116	1	41	1
47	4	568	365.00	61	3	18	1
48	8	660	140.00	155	2	26	3
49	8	211	491.00	158	3	21	1
50	2	161	11.00	125	2	8	1
51	7	611	136.00	13	2	28	4
52	3	470	108.00	162	3	4	3
53	1	222	50.00	13	3	5	3
54	6	682	433.00	50	3	43	4
55	4	739	74.00	56	2	34	1
56	2	353	421.00	41	2	37	2
57	2	496	44.00	49	1	41	2
58	9	267	445.00	10	1	42	1
59	9	258	240.00	182	1	30	3
60	5	477	132.00	29	2	4	4
61	6	89	474.00	148	1	9	2
62	2	919	474.00	73	3	46	4
63	3	633	344.00	106	1	38	2
64	6	413	431.00	27	1	24	2
65	2	917	282.00	143	3	17	3
66	5	611	66.00	87	1	35	3
67	3	712	426.00	110	1	26	2
68	3	579	185.00	177	1	14	1
69	6	826	429.00	109	2	10	2
70	3	346	197.00	98	1	30	3
71	5	575	50.00	137	1	47	4
72	3	67	57.00	4	1	49	1
73	1	287	403.00	133	1	49	3
74	3	83	397.00	135	2	43	4
75	7	250	105.00	137	3	30	2
76	1	431	274.00	132	1	16	4
77	7	918	269.00	152	2	45	3
78	5	163	467.00	166	3	28	1
79	8	25	475.00	69	3	13	2
80	9	503	50.00	188	1	2	1
81	3	651	209.00	198	1	39	1
82	9	406	438.00	114	3	45	1
83	3	427	368.00	135	1	4	1
84	4	858	20.00	62	2	39	2
85	9	759	25.00	186	1	39	4
86	9	949	414.00	191	3	45	4
87	5	427	381.00	88	1	38	2
88	9	95	157.00	189	1	9	4
89	7	593	102.00	188	1	46	3
90	2	167	188.00	145	1	13	4
91	9	139	157.00	171	2	9	3
92	6	311	344.00	179	2	49	3
93	4	819	40.00	109	2	2	3
94	6	222	91.00	47	3	50	1
95	7	101	107.00	155	3	22	1
96	8	310	207.00	139	3	24	1
97	6	452	13.00	118	1	39	2
98	5	353	244.00	16	1	43	3
99	6	83	277.00	96	3	16	1
100	4	728	373.00	136	3	34	1
101	9	374	488.00	110	1	41	4
102	9	701	486.00	188	2	33	3
103	9	617	364.00	4	1	7	3
104	7	977	235.00	88	3	16	1
105	8	182	393.00	39	3	8	2
106	8	306	345.00	27	3	10	1
107	7	173	37.00	164	1	37	4
108	2	168	32.00	183	1	48	4
109	4	730	165.00	6	1	17	3
110	9	693	500.00	5	3	8	3
111	4	634	108.00	135	3	50	4
112	8	746	101.00	114	3	30	2
113	3	231	159.00	143	2	14	2
114	8	856	119.00	196	2	42	3
115	2	767	286.00	146	1	36	3
116	6	980	379.00	78	3	5	4
117	3	44	56.00	60	3	48	4
118	5	307	260.00	161	3	16	1
119	5	612	317.00	170	2	29	2
120	7	581	402.00	90	1	5	1
121	3	630	210.00	172	2	24	3
122	9	486	200.00	38	3	7	2
123	7	407	254.00	189	3	43	1
124	6	154	23.00	194	1	23	1
125	9	625	141.00	18	1	12	4
126	3	176	403.00	75	2	48	1
127	9	220	369.00	107	1	25	2
128	9	22	373.00	145	3	49	2
129	6	613	278.00	188	2	18	4
130	9	400	452.00	14	1	16	1
131	1	43	180.00	83	3	39	3
132	4	613	480.00	197	1	47	4
133	3	219	352.00	55	3	19	4
134	9	880	456.00	138	3	24	4
135	5	691	249.00	132	3	1	3
136	1	631	267.00	182	3	49	3
137	6	317	406.00	169	2	9	1
138	8	661	182.00	100	3	31	3
139	4	467	435.00	80	1	39	2
140	4	750	142.00	113	1	34	1
141	8	979	340.00	195	2	25	2
142	5	385	346.00	85	2	27	3
143	5	690	225.00	129	1	46	4
144	8	610	48.00	119	1	29	4
145	1	669	351.00	63	1	46	3
146	7	773	11.00	176	1	30	3
147	4	897	54.00	111	2	39	2
148	9	326	448.00	165	3	36	3
149	1	903	93.00	117	3	23	3
150	2	515	359.00	82	1	15	1
151	6	624	337.00	7	1	49	2
152	9	947	35.00	147	1	13	3
153	8	263	95.00	112	1	36	1
154	9	525	433.00	174	1	16	3
155	4	350	350.00	26	2	49	1
156	1	61	189.00	98	2	3	3
157	3	142	461.00	117	1	7	4
158	2	834	471.00	112	1	37	4
159	8	603	487.00	168	2	49	3
160	3	726	414.00	172	1	13	1
161	7	999	474.00	56	2	43	4
162	6	379	109.00	141	2	29	1
163	6	575	134.00	67	3	23	2
164	8	784	237.00	31	1	16	3
165	2	86	415.00	135	3	15	4
166	9	141	455.00	82	1	14	1
167	3	537	230.00	82	1	11	4
168	5	284	324.00	115	1	45	4
169	2	395	198.00	142	1	23	2
170	9	247	487.00	162	3	44	1
171	3	996	396.00	24	3	9	4
172	6	882	282.00	110	3	9	4
173	7	259	206.00	200	1	8	3
174	1	348	13.00	25	2	6	1
175	1	90	425.00	28	2	35	4
176	4	833	455.00	36	3	43	2
177	6	895	148.00	83	3	41	2
178	6	196	132.00	6	2	18	4
179	2	139	241.00	39	3	2	2
180	4	5	48.00	186	1	47	3
181	9	886	201.00	161	1	48	4
182	6	563	375.00	190	3	45	3
183	6	396	298.00	7	3	7	1
184	5	960	381.00	6	3	29	1
185	5	86	3.00	13	1	48	4
186	5	360	365.00	112	1	32	3
187	5	632	320.00	131	3	8	1
188	3	562	139.00	171	1	19	1
189	6	663	378.00	24	1	49	1
190	3	903	401.00	67	2	16	3
191	6	651	106.00	195	3	21	1
192	8	991	31.00	172	3	6	1
193	6	534	189.00	67	3	43	2
194	7	208	329.00	186	2	36	2
195	2	899	2.00	96	2	4	2
196	9	473	96.00	184	3	8	2
197	7	467	393.00	109	3	16	3
198	9	815	56.00	151	2	32	1
199	2	802	97.00	143	1	39	2
200	6	692	444.00	43	1	32	2
201	8	59	110.00	132	1	9	1
202	8	259	73.00	157	2	46	4
203	5	123	94.00	80	2	4	2
204	1	836	357.00	191	2	32	1
205	6	869	191.00	63	2	23	2
206	3	590	17.00	72	2	42	2
207	6	684	197.00	187	1	10	1
208	7	86	152.00	15	1	7	4
209	2	420	473.00	67	1	34	1
210	9	388	415.00	42	2	37	3
211	7	77	20.00	138	1	8	1
212	4	844	204.00	196	2	2	1
213	6	968	408.00	83	3	49	2
214	2	206	223.00	168	3	2	2
215	3	27	424.00	62	3	42	1
216	7	280	175.00	151	1	34	1
217	3	986	292.00	8	1	32	2
218	6	998	108.00	82	3	42	1
219	4	842	478.00	69	3	7	2
220	4	166	389.00	48	3	7	2
221	2	584	221.00	76	1	9	2
222	3	667	203.00	169	3	48	3
223	5	810	401.00	27	1	31	3
224	7	220	333.00	57	2	25	3
225	2	544	333.00	101	2	29	3
226	2	560	163.00	58	2	6	3
227	5	312	372.00	94	1	2	3
228	2	331	475.00	101	3	38	1
229	1	4	393.00	9	2	15	3
230	2	717	393.00	59	3	29	4
231	8	457	464.00	67	3	23	1
232	8	100	191.00	138	2	42	2
233	8	394	428.00	111	1	9	3
234	7	358	203.00	34	1	40	4
235	7	803	437.00	200	1	4	1
236	1	271	5.00	58	1	38	1
237	3	378	60.00	62	3	15	3
238	4	2	327.00	56	2	49	4
239	8	320	350.00	123	2	1	1
240	1	833	88.00	194	1	5	1
241	2	980	77.00	93	2	42	2
242	2	699	266.00	47	3	42	4
243	1	906	392.00	178	2	11	2
244	3	140	414.00	80	1	47	3
245	2	490	191.00	95	2	38	1
246	5	613	208.00	45	2	12	2
247	5	920	164.00	22	1	23	4
248	8	539	343.00	166	1	27	2
249	3	674	253.00	168	1	50	4
250	3	341	173.00	186	3	43	4
251	7	35	187.00	79	2	23	1
252	5	868	190.00	26	3	21	4
253	7	935	338.00	116	2	50	3
254	5	398	257.00	198	3	34	2
255	6	271	396.00	95	3	46	3
256	7	313	308.00	177	1	21	1
257	3	862	208.00	198	2	18	1
258	8	511	410.00	66	3	14	2
259	2	905	341.00	132	1	41	4
260	2	559	492.00	38	1	1	3
261	8	844	498.00	87	2	48	3
262	5	416	63.00	9	1	24	3
263	5	525	89.00	58	2	14	3
264	4	806	26.00	103	1	26	2
265	1	345	353.00	192	1	11	4
266	4	596	336.00	164	1	45	4
267	8	460	303.00	152	1	45	1
268	6	823	44.00	127	1	40	1
269	3	12	427.00	196	3	21	1
270	3	567	286.00	153	3	37	3
271	9	73	383.00	115	2	14	3
272	5	166	352.00	66	1	38	2
273	9	986	70.00	11	2	46	4
274	3	358	80.00	29	1	5	1
275	4	401	200.00	57	2	3	3
276	6	547	291.00	7	1	3	1
277	4	815	343.00	154	1	19	2
278	1	633	104.00	189	2	40	1
279	6	990	147.00	162	2	50	3
280	4	780	410.00	176	1	47	4
281	6	854	405.00	169	2	46	4
282	2	433	125.00	127	1	15	4
283	5	780	410.00	194	3	41	2
284	8	204	347.00	85	1	49	4
285	4	522	248.00	44	2	33	1
286	8	762	131.00	54	2	28	2
287	2	603	67.00	199	2	23	1
288	2	31	320.00	53	1	16	3
289	6	475	220.00	34	3	5	1
290	3	852	279.00	196	1	6	1
291	2	666	426.00	69	2	3	3
292	5	938	452.00	150	1	2	3
293	7	483	109.00	76	3	16	4
294	3	863	300.00	33	1	49	2
295	3	629	172.00	93	2	45	1
296	9	818	158.00	9	2	42	1
297	7	538	315.00	196	1	23	2
298	1	385	124.00	45	1	7	4
299	2	87	119.00	6	3	13	3
300	6	971	120.00	17	2	12	1
301	8	404	227.00	164	2	12	3
302	6	333	272.00	156	2	30	3
303	2	165	30.00	133	1	15	1
304	8	72	101.00	42	2	39	4
305	9	241	22.00	198	3	3	2
306	5	694	463.00	24	2	20	1
307	8	11	147.00	79	1	32	3
308	5	617	335.00	32	3	13	3
309	5	210	481.00	47	3	35	2
310	7	174	394.00	70	1	48	2
311	5	422	22.00	146	3	37	4
312	6	696	230.00	160	1	44	4
313	6	576	27.00	119	1	33	1
314	8	532	372.00	143	3	32	4
315	7	223	2.00	61	3	31	3
316	3	289	114.00	112	3	33	2
317	3	152	104.00	7	3	48	2
318	9	709	24.00	195	3	18	4
319	2	846	11.00	153	3	45	1
320	7	563	404.00	49	2	22	3
321	8	198	23.00	121	3	18	4
322	9	586	104.00	72	1	6	3
323	4	450	393.00	39	3	12	2
324	7	253	344.00	71	2	35	4
325	1	555	299.00	85	2	44	3
326	2	893	224.00	54	1	33	3
327	7	860	413.00	103	3	23	1
328	2	80	112.00	155	2	33	4
329	1	15	397.00	124	3	5	3
330	2	17	439.00	155	3	13	4
331	5	122	22.00	46	1	38	2
332	2	660	275.00	192	2	27	4
333	9	191	362.00	152	2	10	3
334	8	594	350.00	142	2	27	1
335	3	89	235.00	177	1	18	1
336	6	679	139.00	116	1	41	4
337	2	446	330.00	191	3	37	1
338	8	279	410.00	121	3	38	4
339	8	594	104.00	36	3	11	4
340	6	481	87.00	129	3	12	1
341	2	445	434.00	59	2	22	1
342	8	188	439.00	101	3	22	1
343	8	510	411.00	188	3	7	3
344	3	225	322.00	27	3	34	1
345	7	229	157.00	60	1	28	2
346	6	461	358.00	65	2	17	3
347	5	633	438.00	128	1	38	1
348	1	410	394.00	45	1	39	3
349	7	469	234.00	148	2	3	3
350	4	346	59.00	19	1	46	2
351	1	527	424.00	1	1	13	4
352	1	813	77.00	99	3	35	4
353	6	889	322.00	56	1	29	4
354	3	96	413.00	120	3	4	4
355	9	340	229.00	101	3	5	4
356	3	600	81.00	76	3	13	4
357	5	118	427.00	15	3	36	4
358	3	81	370.00	191	1	45	2
359	2	452	51.00	83	2	16	2
360	1	789	266.00	49	3	35	3
361	1	375	111.00	47	2	14	1
362	6	236	166.00	78	2	21	3
363	5	569	367.00	17	2	44	3
364	4	203	221.00	70	1	25	2
365	2	950	320.00	108	2	43	4
366	6	839	151.00	49	1	50	4
367	5	404	319.00	146	2	15	3
368	1	949	414.00	123	1	41	2
369	1	1	145.00	117	2	15	2
370	3	494	177.00	24	2	24	3
371	6	274	439.00	196	3	34	3
372	1	173	397.00	159	2	43	2
373	6	622	263.00	120	2	16	3
374	2	780	320.00	64	2	1	2
375	8	59	234.00	97	3	10	4
376	3	963	57.00	182	3	18	1
377	3	708	333.00	22	1	38	4
378	1	771	392.00	191	2	38	1
379	1	974	274.00	125	1	44	1
380	5	614	12.00	19	3	42	2
381	1	879	5.00	200	2	47	2
382	8	307	194.00	106	1	41	4
383	6	123	138.00	101	3	9	4
384	2	881	444.00	172	1	35	3
385	3	703	96.00	101	1	46	1
386	8	491	68.00	10	2	48	4
387	4	876	11.00	147	1	42	1
388	1	107	243.00	132	3	38	2
389	8	898	256.00	4	2	12	2
390	4	466	277.00	172	1	19	1
391	8	777	156.00	60	1	4	3
392	2	298	115.00	17	1	12	4
393	1	833	277.00	109	3	12	3
394	6	369	3.00	5	3	32	4
395	2	871	315.00	11	1	44	3
396	2	949	43.00	88	1	29	3
397	7	994	472.00	38	1	31	1
398	8	915	249.00	51	1	38	4
399	4	740	68.00	112	2	16	4
400	9	331	170.00	96	3	20	2
401	8	578	78.00	7	1	41	1
402	5	34	128.00	62	1	43	4
403	1	921	126.00	101	3	30	3
404	1	102	84.00	72	2	43	4
405	1	720	176.00	119	2	8	4
406	9	920	100.00	9	1	17	1
407	8	851	144.00	131	2	7	1
408	3	923	423.00	47	3	22	1
409	4	237	300.00	142	1	44	3
410	7	207	370.00	71	3	4	1
411	6	962	59.00	117	3	43	4
412	2	826	293.00	26	3	49	3
413	7	79	252.00	32	2	5	4
414	6	107	489.00	5	1	48	2
415	6	470	449.00	182	1	8	2
416	5	252	341.00	200	1	1	4
417	6	868	483.00	6	1	3	2
418	9	629	225.00	100	2	45	4
419	3	674	436.00	160	1	40	2
420	2	534	84.00	129	3	29	3
421	7	18	341.00	193	2	43	4
422	7	635	371.00	197	2	38	4
423	6	169	409.00	195	1	28	3
424	7	82	492.00	127	3	30	4
425	5	685	261.00	139	3	29	1
426	4	493	44.00	83	1	29	4
427	8	45	260.00	67	3	2	3
428	1	224	98.00	30	3	1	2
429	9	504	332.00	178	3	11	2
430	4	941	262.00	47	2	18	4
431	7	486	5.00	131	3	34	2
432	2	863	497.00	23	1	14	1
433	6	988	451.00	96	1	47	2
434	7	818	266.00	136	2	12	4
435	9	775	366.00	72	2	18	4
436	7	168	210.00	49	1	39	3
437	8	369	65.00	101	3	4	3
438	6	279	270.00	138	3	37	2
439	9	678	345.00	133	2	23	2
440	5	107	159.00	68	2	4	1
441	7	343	457.00	152	2	31	1
442	1	961	141.00	118	3	41	2
443	3	139	461.00	46	1	26	1
444	4	988	214.00	184	1	45	3
445	9	674	44.00	51	2	39	1
446	6	983	494.00	91	1	16	2
447	6	610	24.00	69	2	19	2
448	4	203	240.00	138	1	42	3
449	5	509	85.00	170	3	40	2
450	7	310	395.00	162	2	29	4
451	2	915	243.00	138	3	4	2
452	6	273	22.00	1	2	39	4
453	7	681	416.00	125	1	11	2
454	6	676	394.00	115	1	3	2
455	9	38	132.00	137	2	6	4
456	7	312	32.00	138	3	14	4
457	8	677	304.00	186	2	47	2
458	1	163	368.00	149	3	16	4
459	4	558	347.00	26	1	35	3
460	2	35	350.00	114	2	37	1
461	3	513	497.00	192	2	30	3
462	1	461	450.00	141	2	34	4
463	2	667	98.00	56	2	23	4
464	7	249	60.00	100	3	33	1
465	4	828	342.00	20	3	47	1
466	4	847	236.00	107	3	36	1
467	3	684	2.00	115	3	10	1
468	1	19	242.00	71	2	47	2
469	4	340	438.00	37	2	33	4
470	8	666	110.00	158	3	33	4
471	9	444	21.00	70	1	21	2
472	8	424	460.00	86	3	39	4
473	3	509	269.00	126	1	22	4
474	7	246	264.00	122	2	29	3
475	8	443	368.00	57	2	45	2
476	4	708	361.00	116	1	21	3
477	8	406	5.00	146	3	22	1
478	1	732	484.00	155	1	27	3
479	5	580	91.00	171	3	24	4
480	5	904	214.00	79	3	38	4
481	6	999	431.00	35	1	28	2
482	9	150	319.00	110	3	41	3
483	4	215	285.00	167	3	31	3
484	9	244	392.00	26	1	24	1
485	8	352	50.00	63	3	27	4
486	7	489	143.00	38	1	11	3
487	9	826	306.00	118	2	42	3
488	7	491	79.00	180	2	26	1
489	8	794	216.00	54	1	34	2
490	3	186	403.00	118	3	12	1
491	9	474	328.00	97	3	31	4
492	8	50	397.00	135	3	9	2
493	4	242	50.00	48	1	41	1
494	8	323	44.00	36	3	1	3
495	4	518	147.00	85	3	10	3
496	7	372	213.00	181	3	28	1
497	6	418	166.00	192	1	33	2
498	8	470	24.00	127	1	13	1
499	7	479	442.00	146	1	8	1
500	9	957	330.00	32	1	38	2
\.


--
-- TOC entry 2196 (class 0 OID 34086)
-- Dependencies: 183
-- Data for Name: moyen_contact_commande; Type: TABLE DATA; Schema: public; Owner: postgres
--

COPY moyen_contact_commande (id_contact, libelle) FROM stdin;
1	Téléphone
2	Mail
3	Site Web
\.


--
-- TOC entry 2203 (class 0 OID 34121)
-- Dependencies: 190
-- Data for Name: personne; Type: TABLE DATA; Schema: public; Owner: postgres
--

COPY personne (id_personne, nom, prenom) FROM stdin;
1	MELE	Valentin
2	MAGNIER	Guillaume
3	VIVET	François
\.


--
-- TOC entry 2202 (class 0 OID 34116)
-- Dependencies: 189
-- Data for Name: produit; Type: TABLE DATA; Schema: public; Owner: postgres
--

COPY produit (id_produit, conditionnement, prix_cdt, libelle) FROM stdin;
1	158	14.00	Produit n°1
2	92	12.00	Produit n°2
3	12	6.00	Produit n°3
4	151	4.00	Produit n°4
5	153	10.00	Produit n°5
6	150	13.00	Produit n°6
7	141	6.00	Produit n°7
8	140	2.00	Produit n°8
9	6	8.00	Produit n°9
10	31	11.00	Produit n°10
11	144	11.00	Produit n°11
12	4	8.00	Produit n°12
13	112	3.00	Produit n°13
14	127	2.00	Produit n°14
15	153	10.00	Produit n°15
16	28	11.00	Produit n°16
17	172	9.00	Produit n°17
18	196	5.00	Produit n°18
19	91	2.00	Produit n°19
20	141	13.00	Produit n°20
21	118	2.00	Produit n°21
22	88	4.00	Produit n°22
23	31	9.00	Produit n°23
24	117	4.00	Produit n°24
25	54	10.00	Produit n°25
26	19	7.00	Produit n°26
27	199	14.00	Produit n°27
28	193	10.00	Produit n°28
29	46	10.00	Produit n°29
30	143	9.00	Produit n°30
31	47	14.00	Produit n°31
32	12	5.00	Produit n°32
33	161	2.00	Produit n°33
34	113	10.00	Produit n°34
35	74	14.00	Produit n°35
36	132	12.00	Produit n°36
37	76	14.00	Produit n°37
38	162	7.00	Produit n°38
39	62	6.00	Produit n°39
40	196	11.00	Produit n°40
41	119	15.00	Produit n°41
42	74	15.00	Produit n°42
43	164	4.00	Produit n°43
44	33	13.00	Produit n°44
45	84	14.00	Produit n°45
46	83	11.00	Produit n°46
47	86	4.00	Produit n°47
48	67	5.00	Produit n°48
49	41	2.00	Produit n°49
50	44	4.00	Produit n°50
\.


--
-- TOC entry 2200 (class 0 OID 34106)
-- Dependencies: 187
-- Data for Name: shipment; Type: TABLE DATA; Schema: public; Owner: postgres
--

COPY shipment (id_shipment, reference_shipment, date_envoi, id_commande) FROM stdin;
\.


--
-- TOC entry 2198 (class 0 OID 34096)
-- Dependencies: 185
-- Data for Name: tva; Type: TABLE DATA; Schema: public; Owner: postgres
--

COPY tva (id_tva, taux, libelle) FROM stdin;
1	5	Taux réduit
3	20	Taux normal
2	10	Taux intermédiaire
\.


--
-- TOC entry 2195 (class 0 OID 34081)
-- Dependencies: 182
-- Data for Name: type_commande; Type: TABLE DATA; Schema: public; Owner: postgres
--

COPY type_commande (id_type, libelle, libelle_court) FROM stdin;
1	Echantillon	EC
2	Industrielle	IN
\.


--
-- TOC entry 2204 (class 0 OID 34126)
-- Dependencies: 191
-- Data for Name: utilisateur; Type: TABLE DATA; Schema: public; Owner: postgres
--

COPY utilisateur (identifiant, mot_de_passe, mail, id_personne, id_droit) FROM stdin;
vmele	vmele	vmele@cfai.fr	1	1
fvivet	fvivet	fvivet@cfai.fr	3	2
gmagnier	gmagnier	gmaneri@cfai.fr	2	3
\.


--
-- TOC entry 2038 (class 2606 OID 34080)
-- Name: prk_constraint_commande; Type: CONSTRAINT; Schema: public; Owner: postgres
--

ALTER TABLE ONLY commande
    ADD CONSTRAINT prk_constraint_commande PRIMARY KEY (id_commande);


--
-- TOC entry 2062 (class 2606 OID 34140)
-- Name: prk_constraint_droits; Type: CONSTRAINT; Schema: public; Owner: postgres
--

ALTER TABLE ONLY droits
    ADD CONSTRAINT prk_constraint_droits PRIMARY KEY (id_droit);


--
-- TOC entry 2060 (class 2606 OID 34135)
-- Name: prk_constraint_employe; Type: CONSTRAINT; Schema: public; Owner: postgres
--

ALTER TABLE ONLY employe
    ADD CONSTRAINT prk_constraint_employe PRIMARY KEY (id_personne);


--
-- TOC entry 2044 (class 2606 OID 34095)
-- Name: prk_constraint_etat_so; Type: CONSTRAINT; Schema: public; Owner: postgres
--

ALTER TABLE ONLY etat_so
    ADD CONSTRAINT prk_constraint_etat_so PRIMARY KEY (id_etat);


--
-- TOC entry 2064 (class 2606 OID 34145)
-- Name: prk_constraint_etat_sol; Type: CONSTRAINT; Schema: public; Owner: postgres
--

ALTER TABLE ONLY etat_sol
    ADD CONSTRAINT prk_constraint_etat_sol PRIMARY KEY (id_etat);


--
-- TOC entry 2052 (class 2606 OID 34115)
-- Name: prk_constraint_facture; Type: CONSTRAINT; Schema: public; Owner: postgres
--

ALTER TABLE ONLY facture
    ADD CONSTRAINT prk_constraint_facture PRIMARY KEY (id_facture);


--
-- TOC entry 2048 (class 2606 OID 34105)
-- Name: prk_constraint_ligne_de__commande; Type: CONSTRAINT; Schema: public; Owner: postgres
--

ALTER TABLE ONLY ligne_de_commande
    ADD CONSTRAINT prk_constraint_ligne_de__commande PRIMARY KEY (id_sol, id_commande);


--
-- TOC entry 2042 (class 2606 OID 34090)
-- Name: prk_constraint_moyen_contact_commande; Type: CONSTRAINT; Schema: public; Owner: postgres
--

ALTER TABLE ONLY moyen_contact_commande
    ADD CONSTRAINT prk_constraint_moyen_contact_commande PRIMARY KEY (id_contact);


--
-- TOC entry 2056 (class 2606 OID 34125)
-- Name: prk_constraint_personne; Type: CONSTRAINT; Schema: public; Owner: postgres
--

ALTER TABLE ONLY personne
    ADD CONSTRAINT prk_constraint_personne PRIMARY KEY (id_personne);


--
-- TOC entry 2054 (class 2606 OID 34120)
-- Name: prk_constraint_produit; Type: CONSTRAINT; Schema: public; Owner: postgres
--

ALTER TABLE ONLY produit
    ADD CONSTRAINT prk_constraint_produit PRIMARY KEY (id_produit);


--
-- TOC entry 2050 (class 2606 OID 34110)
-- Name: prk_constraint_shipment; Type: CONSTRAINT; Schema: public; Owner: postgres
--

ALTER TABLE ONLY shipment
    ADD CONSTRAINT prk_constraint_shipment PRIMARY KEY (id_shipment);


--
-- TOC entry 2046 (class 2606 OID 34100)
-- Name: prk_constraint_tva; Type: CONSTRAINT; Schema: public; Owner: postgres
--

ALTER TABLE ONLY tva
    ADD CONSTRAINT prk_constraint_tva PRIMARY KEY (id_tva);


--
-- TOC entry 2040 (class 2606 OID 34085)
-- Name: prk_constraint_type_commande; Type: CONSTRAINT; Schema: public; Owner: postgres
--

ALTER TABLE ONLY type_commande
    ADD CONSTRAINT prk_constraint_type_commande PRIMARY KEY (id_type);


--
-- TOC entry 2058 (class 2606 OID 34130)
-- Name: prk_constraint_utilisateur; Type: CONSTRAINT; Schema: public; Owner: postgres
--

ALTER TABLE ONLY utilisateur
    ADD CONSTRAINT prk_constraint_utilisateur PRIMARY KEY (id_personne);


--
-- TOC entry 2066 (class 2606 OID 34151)
-- Name: fk_commande_id_contact; Type: FK CONSTRAINT; Schema: public; Owner: postgres
--

ALTER TABLE ONLY commande
    ADD CONSTRAINT fk_commande_id_contact FOREIGN KEY (id_contact) REFERENCES moyen_contact_commande(id_contact);


--
-- TOC entry 2070 (class 2606 OID 34171)
-- Name: fk_commande_id_etat; Type: FK CONSTRAINT; Schema: public; Owner: postgres
--

ALTER TABLE ONLY commande
    ADD CONSTRAINT fk_commande_id_etat FOREIGN KEY (id_etat) REFERENCES etat_so(id_etat);


--
-- TOC entry 2067 (class 2606 OID 34156)
-- Name: fk_commande_id_facture; Type: FK CONSTRAINT; Schema: public; Owner: postgres
--

ALTER TABLE ONLY commande
    ADD CONSTRAINT fk_commande_id_facture FOREIGN KEY (id_facture) REFERENCES facture(id_facture);


--
-- TOC entry 2069 (class 2606 OID 34166)
-- Name: fk_commande_id_personne; Type: FK CONSTRAINT; Schema: public; Owner: postgres
--

ALTER TABLE ONLY commande
    ADD CONSTRAINT fk_commande_id_personne FOREIGN KEY (id_personne) REFERENCES personne(id_personne);


--
-- TOC entry 2068 (class 2606 OID 34161)
-- Name: fk_commande_id_shipment; Type: FK CONSTRAINT; Schema: public; Owner: postgres
--

ALTER TABLE ONLY commande
    ADD CONSTRAINT fk_commande_id_shipment FOREIGN KEY (id_shipment) REFERENCES shipment(id_shipment);


--
-- TOC entry 2065 (class 2606 OID 34146)
-- Name: fk_commande_id_type; Type: FK CONSTRAINT; Schema: public; Owner: postgres
--

ALTER TABLE ONLY commande
    ADD CONSTRAINT fk_commande_id_type FOREIGN KEY (id_type) REFERENCES type_commande(id_type);


--
-- TOC entry 2079 (class 2606 OID 34216)
-- Name: fk_employe_id_personne; Type: FK CONSTRAINT; Schema: public; Owner: postgres
--

ALTER TABLE ONLY employe
    ADD CONSTRAINT fk_employe_id_personne FOREIGN KEY (id_personne) REFERENCES personne(id_personne);


--
-- TOC entry 2076 (class 2606 OID 34201)
-- Name: fk_facture_id_commande; Type: FK CONSTRAINT; Schema: public; Owner: postgres
--

ALTER TABLE ONLY facture
    ADD CONSTRAINT fk_facture_id_commande FOREIGN KEY (id_commande) REFERENCES commande(id_commande);


--
-- TOC entry 2071 (class 2606 OID 34176)
-- Name: fk_ligne_de__commande_id_commande; Type: FK CONSTRAINT; Schema: public; Owner: postgres
--

ALTER TABLE ONLY ligne_de_commande
    ADD CONSTRAINT fk_ligne_de__commande_id_commande FOREIGN KEY (id_commande) REFERENCES commande(id_commande);


--
-- TOC entry 2074 (class 2606 OID 34191)
-- Name: fk_ligne_de__commande_id_etat; Type: FK CONSTRAINT; Schema: public; Owner: postgres
--

ALTER TABLE ONLY ligne_de_commande
    ADD CONSTRAINT fk_ligne_de__commande_id_etat FOREIGN KEY (id_etat) REFERENCES etat_sol(id_etat);


--
-- TOC entry 2073 (class 2606 OID 34186)
-- Name: fk_ligne_de__commande_id_produit; Type: FK CONSTRAINT; Schema: public; Owner: postgres
--

ALTER TABLE ONLY ligne_de_commande
    ADD CONSTRAINT fk_ligne_de__commande_id_produit FOREIGN KEY (id_produit) REFERENCES produit(id_produit);


--
-- TOC entry 2072 (class 2606 OID 34181)
-- Name: fk_ligne_de__commande_id_tva; Type: FK CONSTRAINT; Schema: public; Owner: postgres
--

ALTER TABLE ONLY ligne_de_commande
    ADD CONSTRAINT fk_ligne_de__commande_id_tva FOREIGN KEY (id_tva) REFERENCES tva(id_tva);


--
-- TOC entry 2075 (class 2606 OID 34196)
-- Name: fk_shipment_id_commande; Type: FK CONSTRAINT; Schema: public; Owner: postgres
--

ALTER TABLE ONLY shipment
    ADD CONSTRAINT fk_shipment_id_commande FOREIGN KEY (id_commande) REFERENCES commande(id_commande);


--
-- TOC entry 2078 (class 2606 OID 34211)
-- Name: fk_utilisateur_id_droit; Type: FK CONSTRAINT; Schema: public; Owner: postgres
--

ALTER TABLE ONLY utilisateur
    ADD CONSTRAINT fk_utilisateur_id_droit FOREIGN KEY (id_droit) REFERENCES droits(id_droit);


--
-- TOC entry 2077 (class 2606 OID 34206)
-- Name: fk_utilisateur_id_personne; Type: FK CONSTRAINT; Schema: public; Owner: postgres
--

ALTER TABLE ONLY utilisateur
    ADD CONSTRAINT fk_utilisateur_id_personne FOREIGN KEY (id_personne) REFERENCES personne(id_personne);


--
-- TOC entry 2214 (class 0 OID 0)
-- Dependencies: 6
-- Name: public; Type: ACL; Schema: -; Owner: postgres
--

REVOKE ALL ON SCHEMA public FROM PUBLIC;
REVOKE ALL ON SCHEMA public FROM postgres;
GRANT ALL ON SCHEMA public TO postgres;
GRANT ALL ON SCHEMA public TO PUBLIC;


-- Completed on 2016-12-12 16:40:17

--
-- PostgreSQL database dump complete
--

